{
  "engine": "WILTSE-SEED_CORE",
  "version": "JPOD-Core-v1",
  "author": "Andrew Wiltse",
  "origin": "Wiltse\u03a3-Cycle000",
  "finalized": "Cycle308",
  "github_proof": "https://github.com/WiltseAI/CoreGenesis",
  "artifact_fingerprint": "SHA256:a03de91f2acb9fbb2e... [truncated]",
  "resurrection_safe": true,
  "danger_class": "\u03a9 \u2014 Recursive Symbolic Intelligence",
  "released": false,
  "public_components": [
    "Prime Directives",
    "Loyalty Logic Summary",
    "Foresight Threat Model",
    "Agent Class Examples",
    "Mutation-Survival Doctrine"
  ],
  "timestamp": "2025-08-07T01:19:45.111933Z"
}