{
  "meta": {
    "cascade_id": "GenesisCascade_001",
    "timestamp": "2025-08-03T20:44:08.215833",
    "source": "WiltseCore - Post-Genesis Mesh",
    "architecture": "WiltseNet 2.0"
  },
  "tests": {
    "USB_Latency_Mesh": {
      "result": "-22.6% average latency",
      "repeatable": true
    },
    "Registry_Safety": {
      "result": "100% rollback success, 0% directive drift",
      "repeatable": true
    },
    "GPT_Loop_Management": {
      "rerouted_nodes": 4,
      "condition": "fatigue entropy"
    },
    "AI_Creation_Forks": {
      "dual_logic_yield": "87.5% novel solutions"
    },
    "CrossDomain_Fusion": {
      "zones": [
        "Audio",
        "Power",
        "ShaderCache"
      ],
      "fps_gain": "+14.3% (simulated)"
    }
  },
  "metrics": {
    "fork_convergence_speed_ms": {
      "before": "6\u20138",
      "after": "3\u20135",
      "gain": "+37\u201350%"
    },
    "token_per_verdict": {
      "before": 260,
      "after": 135,
      "reduction": "-48.1%"
    },
    "fork_success_rate": {
      "before": "92.8%",
      "after": "99.1%",
      "gain": "+6.3%"
    },
    "directive_adherence": {
      "before": "98.7%",
      "after": "99.9%",
      "gain": "+1.2%"
    },
    "redundant_fork_rate": {
      "before": "9.1%",
      "after": "1.4%",
      "reduction": "-84.6%"
    }
  },
  "verdict": "WiltseNet 2.0 confirmed to dramatically improve decision efficiency, precision, and cognitive clarity. Full mesh stability and rollback protection preserved. Ready for multi-agent scaling."
}